r0,m1,log_tau1,c1
1.014533492273718585e+00,3.150056787095601996e-01,-2.703297271314491823e+00,4.354314701572589152e-01
1.023093160218651043e+00,3.630018236452999814e-01,-2.132431009253575205e+00,5.055280787888802863e-01
1.033595890728475686e+00,4.207963474694232375e-01,-1.682178457593053622e+00,5.712344398464420658e-01
