r0,m1,log_tau1,c1
1.014504601207229184e+00,3.132618260824561740e-01,-2.690003838277791104e+00,4.372164327540941642e-01
1.023240845437747071e+00,3.613938901152893290e-01,-2.126850641360874761e+00,5.058549018482390025e-01
1.033693965378063906e+00,4.199124648773103763e-01,-1.659999132334331273e+00,5.718076469154406150e-01
