r0,m1,log_tau1,c1
1.014568601697224404e+00,3.143224916326814444e-01,-2.684205695348726106e+00,4.370069920962663113e-01
1.023333118063963543e+00,3.624691872661498504e-01,-2.140564128881999206e+00,5.049297485748879266e-01
1.033531710040124896e+00,4.197673490146508479e-01,-1.676064495846753877e+00,5.711195217077906783e-01
