r0,m1,log_tau1,c1
1.015105279392229498e+00,3.135819528546094359e-01,-2.687476550433502531e+00,4.356822021302076409e-01
1.023528165587066496e+00,3.617348656250872763e-01,-2.125889251322934381e+00,5.038840313389199022e-01
1.033961345655040498e+00,4.192982105221497169e-01,-1.666358178945868795e+00,5.686338906607285582e-01
