r0,m1,log_tau1,c1
1.014917632935016911e+00,3.150779642258759727e-01,-2.683219596731400536e+00,4.352331697771104069e-01
1.023497826038252123e+00,3.621713578866376793e-01,-2.137077207383141442e+00,5.036938223859520614e-01
1.034203006452949047e+00,4.193630117096180943e-01,-1.677324162141382802e+00,5.715513120437573091e-01
